condition_id,predictor_set,scenario,n_train,n_test,n_sets,p_per_set,rho_within,rho_between,target_r2,nonlinearity_strength,seed_base,n_rep_all,n_rep_stable,mean_delta_component_correlation_all,mean_delta_component_correlation_stable,mcse_delta_component_correlation_all,mcse_delta_component_correlation_stable,component_correlation_ci_lower_all,component_correlation_ci_lower_stable,component_correlation_ci_upper_all,component_correlation_ci_upper_stable,kernel_component_correlation_win_rate_all,kernel_component_correlation_win_rate_stable,mean_delta_component_rmse_all,mean_delta_component_rmse_stable,mcse_delta_component_rmse_all,mcse_delta_component_rmse_stable,component_rmse_ci_lower_all,component_rmse_ci_lower_stable,component_rmse_ci_upper_all,component_rmse_ci_upper_stable,kernel_component_rmse_win_rate_all,kernel_component_rmse_win_rate_stable,n_train_factor,p_per_set_factor,target_r2_factor
1,1,linear,150,1000,3,5,0.4,0.1,0.3,0.35,20260707,500,500,-0.0245319066387513,-0.0245319066387513,0.00264318532744904,0.00264318532744904,-0.0297250505374178,-0.0297250505374178,-0.0193387627400847,-0.0193387627400847,0.362,0.362,0.0461551722014807,0.0461551722014807,0.0045700285168772,0.0045700285168772,0.0371763028567202,0.0371763028567202,0.0551340415462413,0.0551340415462413,0.366,0.366,150,5,0.3
1,2,linear,150,1000,3,5,0.4,0.1,0.3,0.35,20260707,500,500,-0.0255391426212229,-0.0255391426212229,0.00318510890475031,0.00318510890475031,-0.0317970196998825,-0.0317970196998825,-0.0192812655425634,-0.0192812655425634,0.388,0.388,0.0384415523628982,0.0384415523628982,0.00397852709525954,0.00397852709525954,0.0306248232460009,0.0306248232460009,0.0462582814797955,0.0462582814797955,0.388,0.388,150,5,0.3
1,3,linear,150,1000,3,5,0.4,0.1,0.3,0.35,20260707,500,500,-0.0316531709598504,-0.0316531709598504,0.003912880237335,0.003912880237335,-0.0393409217655573,-0.0393409217655573,-0.0239654201541434,-0.0239654201541434,0.39,0.39,0.0458887256759811,0.0458887256759811,0.00470050815945496,0.00470050815945496,0.0366534991425225,0.0366534991425225,0.0551239522094397,0.0551239522094397,0.388,0.388,150,5,0.3
2,1,mixed,150,1000,3,5,0.4,0.1,0.3,0.35,20260707,500,500,-0.0669114173785414,-0.0669114173785414,0.00407100660575148,0.00407100660575148,-0.0749098437077664,-0.0749098437077664,-0.0589129910493165,-0.0589129910493165,0.23,0.23,0.126233973396333,0.126233973396333,0.00689241364833415,0.00689241364833415,0.112692245726607,0.112692245726607,0.13977570106606,0.13977570106606,0.23,0.23,150,5,0.3
2,2,mixed,150,1000,3,5,0.4,0.1,0.3,0.35,20260707,500,500,0.328103068780562,0.328103068780562,0.0132702212704521,0.0132702212704521,0.302030675025594,0.302030675025594,0.354175462535529,0.354175462535529,0.83,0.83,-0.121149114328219,-0.121149114328219,0.00636031965616804,0.00636031965616804,-0.133645421292769,-0.133645421292769,-0.108652807363669,-0.108652807363669,0.812,0.812,150,5,0.3
2,3,mixed,150,1000,3,5,0.4,0.1,0.3,0.35,20260707,500,500,0.116145540611808,0.116145540611808,0.00544151979902562,0.00544151979902562,0.105454426731021,0.105454426731021,0.126836654492595,0.126836654492595,0.886,0.886,-0.0856918282123897,-0.0856918282123897,0.00340398223879916,0.00340398223879916,-0.0923797321633585,-0.0923797321633585,-0.0790039242614209,-0.0790039242614209,0.882,0.882,150,5,0.3
3,1,nonlinear,150,1000,3,5,0.4,0.1,0.3,0.35,20260707,500,499,0.142329864559254,0.142401391444116,0.00543347720443857,0.00544390511005515,0.131654552200432,0.131705538854816,0.153005176918076,0.153097244033417,0.888,0.887775551102204,-0.107363086606227,-0.107458726536495,0.00394352039371269,0.00395026892727032,-0.115111037027714,-0.115219973891107,-0.0996151361847407,-0.0996974791818823,0.894,0.893787575150301,150,5,0.3
3,2,nonlinear,150,1000,3,5,0.4,0.1,0.3,0.35,20260707,500,499,0.409976232036746,0.410881444468056,0.0108657656855977,0.010849715188298,0.388627942838667,0.389564586083515,0.431324521234826,0.432198302852597,0.944,0.945891783567134,-0.137984661115812,-0.138264805845895,0.00533939769875527,0.00534273957632239,-0.148475132704729,-0.148761894567338,-0.127494189526896,-0.127767717124452,0.916,0.917835671342685,150,5,0.3
3,3,nonlinear,150,1000,3,5,0.4,0.1,0.3,0.35,20260707,500,499,0.149145500803431,0.149266724587943,0.00586388263686899,0.00587439002840856,0.137624558241473,0.137725081497974,0.16066644336539,0.160808367677911,0.904,0.903807615230461,-0.10824137118297,-0.108360668701892,0.00369716454023399,0.00370265205881097,-0.115505299018485,-0.115635413542202,-0.100977443347455,-0.101085923861582,0.904,0.903807615230461,150,5,0.3
4,1,linear,300,1000,3,5,0.4,0.1,0.3,0.35,20260707,500,500,-0.00382695781576648,-0.00382695781576648,5.2195902229612e-4,5.2195902229612e-4,-0.00485246604776288,-0.00485246604776288,-0.00280144958377008,-0.00280144958377008,0.43,0.43,0.0129502487426171,0.0129502487426171,0.00163881335125191,0.00163881335125191,0.00973042398506947,0.00973042398506947,0.0161700735001648,0.0161700735001648,0.434,0.434,300,5,0.3
4,2,linear,300,1000,3,5,0.4,0.1,0.3,0.35,20260707,500,500,-0.00549146977932862,-0.00549146977932862,7.5109955535212e-4,7.5109955535212e-4,-0.00696717715128673,-0.00696717715128673,-0.00401576240737052,-0.00401576240737052,0.448,0.448,0.0131834757970454,0.0131834757970454,0.00179526792435185,0.00179526792435185,0.0096562601413739,0.0096562601413739,0.016710691452717,0.016710691452717,0.448,0.448,300,5,0.3
4,3,linear,300,1000,3,5,0.4,0.1,0.3,0.35,20260707,500,500,-0.00891802262987804,-0.00891802262987804,0.00108006289040544,0.00108006289040544,-0.0110400539347727,-0.0110400539347727,-0.00679599132498335,-0.00679599132498335,0.448,0.448,0.0185256017758752,0.0185256017758752,0.00218196586015541,0.00218196586015541,0.0142386293202961,0.0142386293202961,0.0228125742314542,0.0228125742314542,0.446,0.446,300,5,0.3
5,1,mixed,300,1000,3,5,0.4,0.1,0.3,0.35,20260707,500,500,-0.0328729062902589,-0.0328729062902589,0.00175365727722131,0.00175365727722131,-0.0363183682845351,-0.0363183682845351,-0.0294274442959828,-0.0294274442959828,0.116,0.116,0.0965931624432375,0.0965931624432375,0.00408735801589731,0.00408735801589731,0.0885626100179149,0.0885626100179149,0.10462371486856,0.10462371486856,0.118,0.118,300,5,0.3
5,2,mixed,300,1000,3,5,0.4,0.1,0.3,0.35,20260707,500,500,0.674621038121539,0.674621038121539,0.00987984424604394,0.00987984424604394,0.655209817752956,0.655209817752956,0.694032258490122,0.694032258490122,0.97,0.97,-0.330390723373107,-0.330390723373107,0.00727309335216364,0.00727309335216364,-0.3446803836455,-0.3446803836455,-0.316101063100714,-0.316101063100714,0.968,0.968,300,5,0.3
5,3,mixed,300,1000,3,5,0.4,0.1,0.3,0.35,20260707,500,500,0.127476623177947,0.127476623177947,0.00342809604193092,0.00342809604193092,0.120741342129237,0.120741342129237,0.134211904226658,0.134211904226658,0.96,0.96,-0.124751456412398,-0.124751456412398,0.0030668247135315,0.0030668247135315,-0.130776937064081,-0.130776937064081,-0.118725975760715,-0.118725975760715,0.962,0.962,300,5,0.3
6,1,nonlinear,300,1000,3,5,0.4,0.1,0.3,0.35,20260707,500,500,0.202276620035422,0.202276620035422,0.00299402341889971,0.00299402341889971,0.196394174227004,0.196394174227004,0.208159065843839,0.208159065843839,0.992,0.992,-0.182121489399983,-0.182121489399983,0.00296653304866249,0.00296653304866249,-0.187949924070026,-0.187949924070026,-0.176293054729939,-0.176293054729939,0.992,0.992,300,5,0.3
6,2,nonlinear,300,1000,3,5,0.4,0.1,0.3,0.35,20260707,500,500,0.681683610864251,0.681683610864251,0.00654455548607796,0.00654455548607796,0.668825330349804,0.668825330349804,0.694541891378698,0.694541891378698,0.998,0.998,-0.322439833137708,-0.322439833137708,0.00616863496206897,0.00616863496206897,-0.334559531549959,-0.334559531549959,-0.310320134725457,-0.310320134725457,0.996,0.996,300,5,0.3
6,3,nonlinear,300,1000,3,5,0.4,0.1,0.3,0.35,20260707,500,500,0.128719939608206,0.128719939608206,0.00376986204451105,0.00376986204451105,0.121313180849386,0.121313180849386,0.136126698367025,0.136126698367025,0.954,0.954,-0.125943149298059,-0.125943149298059,0.00331484067999712,0.00331484067999712,-0.132455914208491,-0.132455914208491,-0.119430384387627,-0.119430384387627,0.956,0.956,300,5,0.3
7,1,linear,150,1000,3,20,0.4,0.1,0.3,0.35,20260707,500,491,-0.109660562300314,-0.109192732035182,0.00709184393133483,0.00708954713115939,-0.123594116508505,-0.123122395694213,-0.0957270080921229,-0.0952630683761507,0.25,0.25050916496945,0.0887239905107524,0.0885567006184544,0.00553286188475452,0.00556319509786442,0.0778534141494997,0.0776260395833893,0.0995945668720052,0.0994873616535195,0.252,0.252545824847251,150,20,0.3
7,2,linear,150,1000,3,20,0.4,0.1,0.3,0.35,20260707,500,491,-0.0788113319454609,-0.0807729975992358,0.00755226059475544,0.00763044222244324,-0.0936494803043751,-0.0957654212000534,-0.0639731835865467,-0.0657805739984181,0.33,0.329938900203666,0.0565136532349941,0.0578139940836414,0.0050233838588823,0.00507435619388122,0.0466440633252349,0.0478438121017457,0.0663832431447533,0.0677841760655372,0.328,0.327902240325866,150,20,0.3
7,3,linear,150,1000,3,20,0.4,0.1,0.3,0.35,20260707,500,491,-0.0388422641002406,-0.0402857289193444,0.00863032085472022,0.00869848397871606,-0.0557985091371634,-0.0573766592602178,-0.0218860190633178,-0.0231947985784709,0.42,0.411405295315682,0.0234603037927488,0.0246563190083473,0.00454540861164403,0.00459731631629104,0.0145298058994032,0.015623433150427,0.0323908016860943,0.0336892048662677,0.434,0.425661914460285,150,20,0.3
8,1,mixed,150,1000,3,20,0.4,0.1,0.3,0.35,20260707,500,496,-0.111970297726378,-0.111581371030671,0.00716980021756358,0.00714220576263742,-0.126057014941336,-0.125614148305366,-0.0978835805114214,-0.0975485937559755,0.226,0.225806451612903,0.0854028486109757,0.0854466942900427,0.00520172798961196,0.00520866880816759,0.0751828607458618,0.0752128685348354,0.0956228364760896,0.09568052004525,0.238,0.237903225806452,150,20,0.3
8,2,mixed,150,1000,3,20,0.4,0.1,0.3,0.35,20260707,500,496,0.0966565896986672,0.0972827286046524,0.00706216841504214,0.00710164651882374,0.082781339849529,0.0833296408339819,0.110531839547805,0.111235816375323,0.7,0.701612903225806,-0.0194320394015428,-0.0195262763874939,0.00193289605173103,0.00194732857033787,-0.0232296570841028,-0.0233523252323974,-0.0156344217189827,-0.0157002275425903,0.696,0.69758064516129,150,20,0.3
8,3,mixed,150,1000,3,20,0.4,0.1,0.3,0.35,20260707,500,496,0.277484666186542,0.277602712231417,0.00624187161313751,0.00628565728417654,0.265221077573439,0.265252853990797,0.289748254799645,0.289952570472038,0.978,0.977822580645161,-0.136075726314012,-0.136120400584455,0.00259651438433463,0.00261425739018089,-0.141177174439036,-0.141256809827527,-0.130974278188987,-0.130983991341382,0.98,0.979838709677419,150,20,0.3
9,1,nonlinear,150,1000,3,20,0.4,0.1,0.3,0.35,20260707,500,499,0.16312929532983,0.162784720928099,0.00516978459891044,0.00516863623045134,0.152972067583275,0.152629699837354,0.173286523076384,0.172939742018843,0.934,0.933867735470942,-0.068158076086205,-0.0680088973674754,0.00197498879588958,0.00197329725637463,-0.0720383946203607,-0.071885911412057,-0.0642777575520494,-0.0641318833228938,0.936,0.935871743486974,150,20,0.3
9,2,nonlinear,150,1000,3,20,0.4,0.1,0.3,0.35,20260707,500,499,0.115563526862498,0.114927804302768,0.00742950006552149,0.00741710061795996,0.100966569723423,0.100355137578071,0.130160484001573,0.129500471027465,0.74,0.739478957915832,-0.0236463551939588,-0.0234897480516329,0.00202554238391177,0.00202353029416441,-0.0276259978483215,-0.0274654569037929,-0.0196667125395961,-0.0195140391994728,0.732,0.731462925851703,150,20,0.3
9,3,nonlinear,150,1000,3,20,0.4,0.1,0.3,0.35,20260707,500,499,0.312750646268656,0.312538280447341,0.00700980268464306,0.00702064042688276,0.298978280909114,0.298744554515249,0.326523011628199,0.326332006379434,0.972,0.971943887775551,-0.145989468259552,-0.145763124425635,0.0027242423886443,0.00272026919973191,-0.151341867348696,-0.151107743366513,-0.140637069170408,-0.140418505484756,0.972,0.971943887775551,150,20,0.3
10,1,linear,300,1000,3,20,0.4,0.1,0.3,0.35,20260707,500,499,-0.0673708275025178,-0.0671635650074464,0.00477693349036801,0.00478200860042665,-0.0767562091298372,-0.0765589637215895,-0.0579854458751984,-0.0577681662933033,0.348,0.348697394789579,0.0782505392679149,0.0781072404978852,0.00570226928624218,0.00571190369760659,0.0670471232059085,0.0668848406362425,0.0894539553299213,0.0893296403595278,0.35,0.350701402805611,300,20,0.3
10,2,linear,300,1000,3,20,0.4,0.1,0.3,0.35,20260707,500,499,-0.0676364745806103,-0.0675354568215937,0.00482723616610783,0.00483586048208085,-0.0771206873534011,-0.077036660426929,-0.0581522618078196,-0.0580342532162585,0.354,0.354709418837675,0.0713295072512907,0.0712721022068122,0.00501842867496763,0.00502816675042566,0.0614696529370064,0.0613930669793909,0.081189361565575,0.0811511374342334,0.352,0.352705410821643,300,20,0.3
10,3,linear,300,1000,3,20,0.4,0.1,0.3,0.35,20260707,500,499,-0.0684571852094717,-0.0672311890454755,0.00631215090676502,0.00620436613298163,-0.0808588536163425,-0.0794211490515465,-0.0560555168026008,-0.0550412290394044,0.368,0.3687374749499,0.050353772954037,0.0498331679287202,0.00422544984770128,0.00420166786818662,0.0420519074481139,0.0415779872746129,0.0586556384599602,0.0580883485828275,0.372,0.372745490981964,300,20,0.3
11,1,mixed,300,1000,3,20,0.4,0.1,0.3,0.35,20260707,500,499,-0.154127385869303,-0.153978482742342,0.00565560826082463,0.00566498906114924,-0.165239125643258,-0.165108707588865,-0.143015646095348,-0.142848257895818,0.142,0.142284569138277,0.165530083639304,0.165440888693268,0.00612318025370056,0.00613481249741374,0.153499691428543,0.153387583426404,0.177560475850065,0.177494193960132,0.144,0.144288577154309,300,20,0.3
11,2,mixed,300,1000,3,20,0.4,0.1,0.3,0.35,20260707,500,499,0.204608104273406,0.205143245502895,0.0099709472356131,0.00997654944332263,0.185017891183609,0.185541929896099,0.224198317363202,0.224744561109692,0.8,0.801603206412826,-0.0509138547997839,-0.0510330073136851,0.0030204727562343,0.00302417607179834,-0.056848266398635,-0.0569747239333042,-0.0449794432009328,-0.045091290694066,0.79,0.791583166332665,300,20,0.3
11,3,mixed,300,1000,3,20,0.4,0.1,0.3,0.35,20260707,500,499,0.1898767257306,0.190701530062394,0.00517448713375409,0.00511857540418376,0.179710258775626,0.180644865428536,0.200043192685575,0.200758194696251,0.972,0.973947895791583,-0.116427794080272,-0.116790837045927,0.00265720740306896,0.00263757049202757,-0.121648487563032,-0.121972974611938,-0.111207100597513,-0.111608699479916,0.972,0.973947895791583,300,20,0.3
12,1,nonlinear,300,1000,3,20,0.4,0.1,0.3,0.35,20260707,500,500,0.0970797787102375,0.0970797787102375,0.00450165976351793,0.00450165976351793,0.0882352354646271,0.0882352354646271,0.105924321955848,0.105924321955848,0.862,0.862,-0.049889670008441,-0.049889670008441,0.0021241463842178,0.0021241463842178,-0.054063042840274,-0.054063042840274,-0.0457162971766081,-0.0457162971766081,0.856,0.856,300,20,0.3
12,2,nonlinear,300,1000,3,20,0.4,0.1,0.3,0.35,20260707,500,500,0.262982101060957,0.262982101060957,0.00888235106907704,0.00888235106907704,0.24553068485447,0.24553068485447,0.280433517267444,0.280433517267444,0.908,0.908,-0.0624378230681761,-0.0624378230681761,0.00299719380869231,0.00299719380869231,-0.0683264978346002,-0.0683264978346002,-0.056549148301752,-0.056549148301752,0.882,0.882,300,20,0.3
12,3,nonlinear,300,1000,3,20,0.4,0.1,0.3,0.35,20260707,500,500,0.21694561969553,0.21694561969553,0.00552824679393101,0.00552824679393101,0.20608411073886,0.20608411073886,0.227807128652199,0.227807128652199,0.972,0.972,-0.129442863150531,-0.129442863150531,0.0026774758109357,0.0026774758109357,-0.134703378569935,-0.134703378569935,-0.124182347731128,-0.124182347731128,0.974,0.974,300,20,0.3
13,1,linear,150,1000,3,5,0.4,0.1,0.6,0.35,20260707,500,500,-0.00274812642565613,-0.00274812642565613,4.8020230168279e-4,4.8020230168279e-4,-0.00369159400139225,-0.00369159400139225,-0.00180465884992001,-0.00180465884992001,0.398,0.398,0.0122068808352128,0.0122068808352128,0.00173389171397026,0.00173389171397026,0.00880025282398537,0.00880025282398537,0.0156135088464401,0.0156135088464401,0.402,0.402,150,5,0.6
13,2,linear,150,1000,3,5,0.4,0.1,0.6,0.35,20260707,500,500,-0.00357894065267737,-0.00357894065267737,5.2656965816342e-4,5.2656965816342e-4,-0.00461350753647338,-0.00461350753647338,-0.00254437376888136,-0.00254437376888136,0.394,0.394,0.0127514808342589,0.0127514808342589,0.00161221253265448,0.00161221253265448,0.00958391948683392,0.00958391948683392,0.0159190421816838,0.0159190421816838,0.394,0.394,150,5,0.6
13,3,linear,150,1000,3,5,0.4,0.1,0.6,0.35,20260707,500,500,-0.00491084500210187,-0.00491084500210187,8.2809810509468e-4,8.2809810509468e-4,-0.00653783368780262,-0.00653783368780262,-0.00328385631640113,-0.00328385631640113,0.442,0.442,0.0133936355861157,0.0133936355861157,0.00203409246965031,0.00203409246965031,0.00939719432700699,0.00939719432700699,0.0173900768452244,0.0173900768452244,0.448,0.448,150,5,0.6
14,1,mixed,150,1000,3,5,0.4,0.1,0.6,0.35,20260707,500,500,-0.0233510436279127,-0.0233510436279127,0.00140129500510227,0.00140129500510227,-0.0261042091098814,-0.0261042091098814,-0.020597878145944,-0.020597878145944,0.186,0.186,0.0823174877482548,0.0823174877482548,0.00410426147349554,0.00410426147349554,0.0742537246029797,0.0742537246029797,0.0903812508935299,0.0903812508935299,0.186,0.186,150,5,0.6
14,2,mixed,150,1000,3,5,0.4,0.1,0.6,0.35,20260707,500,500,0.788305261188672,0.788305261188672,0.00558710024502746,0.00558710024502746,0.777328121126872,0.777328121126872,0.799282401250472,0.799282401250472,0.996,0.996,-0.473152157202494,-0.473152157202494,0.00758865049882986,0.00758865049882986,-0.488061801875479,-0.488061801875479,-0.45824251252951,-0.45824251252951,0.998,0.998,150,5,0.6
14,3,mixed,150,1000,3,5,0.4,0.1,0.6,0.35,20260707,500,500,0.13967930759322,0.13967930759322,0.00334511233168268,0.00334511233168268,0.133107067079008,0.133107067079008,0.146251548107432,0.146251548107432,0.982,0.982,-0.153271352507357,-0.153271352507357,0.00345858835101307,0.00345858835101307,-0.16006654269192,-0.16006654269192,-0.146476162322794,-0.146476162322794,0.984,0.984,150,5,0.6
15,1,nonlinear,150,1000,3,5,0.4,0.1,0.6,0.35,20260707,500,500,0.23864556023097,0.23864556023097,0.00265003151993079,0.00265003151993079,0.233438965416718,0.233438965416718,0.243852155045222,0.243852155045222,1,1,-0.228441127853259,-0.228441127853259,0.00294392622235312,0.00294392622235312,-0.234225146227215,-0.234225146227215,-0.222657109479302,-0.222657109479302,1,1,150,5,0.6
15,2,nonlinear,150,1000,3,5,0.4,0.1,0.6,0.35,20260707,500,500,0.733458207781303,0.733458207781303,0.00540719072317328,0.00540719072317328,0.722834541244809,0.722834541244809,0.744081874317798,0.744081874317798,1,1,-0.384934685487002,-0.384934685487002,0.00664112794221053,0.00664112794221053,-0.397982704744372,-0.397982704744372,-0.371886666229631,-0.371886666229631,1,1,150,5,0.6
15,3,nonlinear,150,1000,3,5,0.4,0.1,0.6,0.35,20260707,500,500,0.144791413407702,0.144791413407702,0.00403558595722753,0.00403558595722753,0.13686257906768,0.13686257906768,0.152720247747724,0.152720247747724,0.964,0.964,-0.149029587195764,-0.149029587195764,0.00360081715401437,0.00360081715401437,-0.156104218489828,-0.156104218489828,-0.141954955901699,-0.141954955901699,0.964,0.964,150,5,0.6
16,1,linear,300,1000,3,5,0.4,0.1,0.6,0.35,20260707,500,500,-0.00122903021207324,-0.00122903021207324,1.2933050952039e-4,1.2933050952039e-4,-0.00148312966527937,-0.00148312966527937,-9.7493075886712e-4,-9.7493075886712e-4,0.372,0.372,0.00863889009790307,0.00863889009790307,9.0597094637019e-4,9.0597094637019e-4,0.00685890235218863,0.00685890235218863,0.0104188778436175,0.0104188778436175,0.372,0.372,300,5,0.6
16,2,linear,300,1000,3,5,0.4,0.1,0.6,0.35,20260707,500,500,-0.00144001966577459,-0.00144001966577459,1.6809062339827e-4,1.6809062339827e-4,-0.00177027225391463,-0.00177027225391463,-0.00110976707763456,-0.00110976707763456,0.378,0.378,0.00808855007713336,0.00808855007713336,8.8258252214884e-4,8.8258252214884e-4,0.00635451425589548,0.00635451425589548,0.00982258589837124,0.00982258589837124,0.384,0.384,300,5,0.6
16,3,linear,300,1000,3,5,0.4,0.1,0.6,0.35,20260707,500,500,-0.00180390410648276,-0.00180390410648276,2.5307809832238e-4,2.5307809832238e-4,-0.00230113408447202,-0.00230113408447202,-0.00130667412849349,-0.00130667412849349,0.44,0.44,0.00780182066420694,0.00780182066420694,0.00104838592464742,0.00104838592464742,0.00574202602495436,0.00574202602495436,0.00986161530345953,0.00986161530345953,0.438,0.438,300,5,0.6
17,1,mixed,300,1000,3,5,0.4,0.1,0.6,0.35,20260707,500,500,-0.0153559320558912,-0.0153559320558912,6.5061258543686e-4,6.5061258543686e-4,-0.0166342097246455,-0.0166342097246455,-0.0140776543871369,-0.0140776543871369,0.112,0.112,0.0760507612734316,0.0760507612734316,0.0028919717276655,0.0028919717276655,0.0703688194221817,0.0703688194221817,0.0817327031246814,0.0817327031246814,0.114,0.114,300,5,0.6
17,2,mixed,300,1000,3,5,0.4,0.1,0.6,0.35,20260707,500,500,0.892734998464329,0.892734998464329,0.00292684915632081,0.00292684915632081,0.886984531903918,0.886984531903918,0.89848546502474,0.89848546502474,1,1,-0.649787044121679,-0.649787044121679,0.0058139896723438,0.0058139896723438,-0.661209960509831,-0.661209960509831,-0.638364127733526,-0.638364127733526,1,1,300,5,0.6
17,3,mixed,300,1000,3,5,0.4,0.1,0.6,0.35,20260707,500,500,0.165489882903367,0.165489882903367,0.00210586119324613,0.00210586119324613,0.161352435523656,0.161352435523656,0.169627330283078,0.169627330283078,1,1,-0.217141878494568,-0.217141878494568,0.00286721390096693,0.00286721390096693,-0.222775177916046,-0.222775177916046,-0.21150857907309,-0.21150857907309,1,1,300,5,0.6
18,1,nonlinear,300,1000,3,5,0.4,0.1,0.6,0.35,20260707,500,500,0.274330747997,0.274330747997,0.00191704330607833,0.00191704330607833,0.270564276669751,0.270564276669751,0.278097219324248,0.278097219324248,1,1,-0.305576527813216,-0.305576527813216,0.00291046447625099,0.00291046447625099,-0.311294802911132,-0.311294802911132,-0.2998582527153,-0.2998582527153,1,1,300,5,0.6
18,2,nonlinear,300,1000,3,5,0.4,0.1,0.6,0.35,20260707,500,500,0.864970902084716,0.864970902084716,0.00339900131186418,0.00339900131186418,0.858292784307291,0.858292784307291,0.871649019862142,0.871649019862142,1,1,-0.570537966326846,-0.570537966326846,0.00565439552938181,0.00565439552938181,-0.581647323411692,-0.581647323411692,-0.559428609242,-0.559428609242,1,1,300,5,0.6
18,3,nonlinear,300,1000,3,5,0.4,0.1,0.6,0.35,20260707,500,500,0.163753447884288,0.163753447884288,0.00266797202049739,0.00266797202049739,0.158511604841284,0.158511604841284,0.168995290927292,0.168995290927292,0.996,0.996,-0.204112056056919,-0.204112056056919,0.00315118347970847,0.00315118347970847,-0.210303278855897,-0.210303278855897,-0.197920833257941,-0.197920833257941,0.996,0.996,300,5,0.6
19,1,linear,150,1000,3,20,0.4,0.1,0.6,0.35,20260707,500,500,-0.0211531443596168,-0.0211531443596168,0.00351821487570368,0.00351821487570368,-0.0280654845297219,-0.0280654845297219,-0.0142408041895116,-0.0142408041895116,0.492,0.492,0.0276988072688616,0.0276988072688616,0.00486371515410574,0.00486371515410574,0.0181429231561979,0.0181429231561979,0.0372546913815254,0.0372546913815254,0.5,0.5,150,20,0.6
19,2,linear,150,1000,3,20,0.4,0.1,0.6,0.35,20260707,500,500,-0.0254775143177775,-0.0254775143177775,0.00367274905525961,0.00367274905525961,-0.0326934723323683,-0.0326934723323683,-0.0182615563031867,-0.0182615563031867,0.5,0.5,0.0291043110918033,0.0291043110918033,0.0045407827330732,0.0045407827330732,0.020182901798045,0.020182901798045,0.0380257203855617,0.0380257203855617,0.506,0.506,150,20,0.6
19,3,linear,150,1000,3,20,0.4,0.1,0.6,0.35,20260707,500,500,-0.0210075576321716,-0.0210075576321716,0.00422401708864449,0.00422401708864449,-0.0293066081542657,-0.0293066081542657,-0.0127085071100776,-0.0127085071100776,0.506,0.506,0.0172784079691034,0.0172784079691034,0.00404304775711776,0.00404304775711776,0.00933491321152727,0.00933491321152727,0.0252219027266795,0.0252219027266795,0.506,0.506,150,20,0.6
20,1,mixed,150,1000,3,20,0.4,0.1,0.6,0.35,20260707,500,500,-0.0897410163773009,-0.0897410163773009,0.00616377056002378,0.00616377056002378,-0.101851157555884,-0.101851157555884,-0.0776308751987175,-0.0776308751987175,0.31,0.31,0.0978818017538758,0.0978818017538758,0.00706925671895537,0.00706925671895537,0.083992625305707,0.083992625305707,0.111770978202045,0.111770978202045,0.304,0.304,150,20,0.6
20,2,mixed,150,1000,3,20,0.4,0.1,0.6,0.35,20260707,500,500,0.246471285493184,0.246471285493184,0.0102722283017886,0.0102722283017886,0.226289136637724,0.226289136637724,0.266653434348643,0.266653434348643,0.818,0.818,-0.0757924675598205,-0.0757924675598205,0.00352889126030982,0.00352889126030982,-0.0827257839365507,-0.0827257839365507,-0.0688591511830902,-0.0688591511830902,0.856,0.856,150,20,0.6
20,3,mixed,150,1000,3,20,0.4,0.1,0.6,0.35,20260707,500,500,0.209813548988013,0.209813548988013,0.00520152711016054,0.00520152711016054,0.199593955796661,0.199593955796661,0.220033142179364,0.220033142179364,0.992,0.992,-0.131517164628031,-0.131517164628031,0.00274656651759291,0.00274656651759291,-0.136913424589449,-0.136913424589449,-0.126120904666614,-0.126120904666614,0.994,0.994,150,20,0.6
21,1,nonlinear,150,1000,3,20,0.4,0.1,0.6,0.35,20260707,500,500,0.132019582706315,0.132019582706315,0.00492308275788225,0.00492308275788225,0.122347057317639,0.122347057317639,0.141692108094991,0.141692108094991,0.922,0.922,-0.0729805992150637,-0.0729805992150637,0.00242592818259075,0.00242592818259075,-0.0777468916158251,-0.0777468916158251,-0.0682143068143023,-0.0682143068143023,0.924,0.924,150,20,0.6
21,2,nonlinear,150,1000,3,20,0.4,0.1,0.6,0.35,20260707,500,500,0.313333949636112,0.313333949636112,0.00828499282365604,0.00828499282365604,0.297056180731353,0.297056180731353,0.329611718540872,0.329611718540872,0.95,0.95,-0.0853597239713205,-0.0853597239713205,0.00308343726098831,0.00308343726098831,-0.0914178437832508,-0.0914178437832508,-0.0793016041593902,-0.0793016041593902,0.942,0.942,150,20,0.6
21,3,nonlinear,150,1000,3,20,0.4,0.1,0.6,0.35,20260707,500,500,0.23115151493221,0.23115151493221,0.00636216955799473,0.00636216955799473,0.218651573411171,0.218651573411171,0.24365145645325,0.24365145645325,0.972,0.972,-0.13754220757317,-0.13754220757317,0.00314101197003638,0.00314101197003638,-0.143713446108144,-0.143713446108144,-0.131370969038195,-0.131370969038195,0.966,0.966,150,20,0.6
22,1,linear,300,1000,3,20,0.4,0.1,0.6,0.35,20260707,500,500,-6.5234908572187e-4,-6.5234908572187e-4,3.4779500658362e-4,3.4779500658362e-4,-0.00133567215719547,-0.00133567215719547,3.09739857517175e-5,3.09739857517175e-5,0.51,0.51,0.00191333309715263,0.00191333309715263,9.8587336546306e-4,9.8587336546306e-4,-2.36412797645984e-5,-2.36412797645984e-5,0.00385030747406986,0.00385030747406986,0.5,0.5,300,20,0.6
22,2,linear,300,1000,3,20,0.4,0.1,0.6,0.35,20260707,500,500,-4.29329215222531e-5,-4.29329215222531e-5,5.2674118394911e-4,5.2674118394911e-4,-0.00107783680707073,-0.00107783680707073,9.9197096402622e-4,9.9197096402622e-4,0.592,0.592,-2.39684714695171e-5,-2.39684714695171e-5,0.00119648077638508,0.00119648077638508,-0.00237472941858506,-0.00237472941858506,0.00232679247564602,0.00232679247564602,0.596,0.596,300,20,0.6
22,3,linear,300,1000,3,20,0.4,0.1,0.6,0.35,20260707,500,500,-0.00195889159842655,-0.00195889159842655,0.00114172933636729,0.00114172933636729,-0.00420208078214024,-0.00420208078214024,2.8429758528713e-4,2.8429758528713e-4,0.56,0.56,0.00317943077537802,0.00317943077537802,0.00192546578326555,0.00192546578326555,-6.0358844034494e-4,-6.0358844034494e-4,0.00696244999110099,0.00696244999110099,0.56,0.56,300,20,0.6
23,1,mixed,300,1000,3,20,0.4,0.1,0.6,0.35,20260707,500,500,-0.0217724102537009,-0.0217724102537009,0.00172946529972916,0.00172946529972916,-0.0251703415587721,-0.0251703415587721,-0.0183744789486297,-0.0183744789486297,0.344,0.344,0.0458712020203965,0.0458712020203965,0.00360844964592808,0.00360844964592808,0.0387815749451425,0.0387815749451425,0.0529608290956505,0.0529608290956505,0.336,0.336,300,20,0.6
23,2,mixed,300,1000,3,20,0.4,0.1,0.6,0.35,20260707,500,500,0.501328342389573,0.501328342389573,0.00719678311014241,0.00719678311014241,0.487188611092512,0.487188611092512,0.515468073686634,0.515468073686634,0.968,0.968,-0.167265449660301,-0.167265449660301,0.00315896754299553,0.00315896754299553,-0.173471966037201,-0.173471966037201,-0.161058933283402,-0.161058933283402,0.974,0.974,300,20,0.6
23,3,mixed,300,1000,3,20,0.4,0.1,0.6,0.35,20260707,500,500,0.148975012619397,0.148975012619397,0.00326057384387475,0.00326057384387475,0.142568867356851,0.142568867356851,0.155381157881944,0.155381157881944,0.994,0.994,-0.124048310595314,-0.124048310595314,0.00239900821530785,0.00239900821530785,-0.12876171254515,-0.12876171254515,-0.119334908645478,-0.119334908645478,0.994,0.994,300,20,0.6
24,1,nonlinear,300,1000,3,20,0.4,0.1,0.6,0.35,20260707,500,500,0.137581821551181,0.137581821551181,0.00306801202162863,0.00306801202162863,0.131554008160384,0.131554008160384,0.143609634941979,0.143609634941979,0.962,0.962,-0.0954985444811158,-0.0954985444811158,0.00214488041166347,0.00214488041166347,-0.0997126540660648,-0.0997126540660648,-0.0912844348961668,-0.0912844348961668,0.96,0.96,300,20,0.6
24,2,nonlinear,300,1000,3,20,0.4,0.1,0.6,0.35,20260707,500,500,0.524073887730284,0.524073887730284,0.0044759637915302,0.0044759637915302,0.515279830116068,0.515279830116068,0.5328679453445,0.5328679453445,0.998,0.998,-0.173212834924557,-0.173212834924557,0.00270912349219651,0.00270912349219651,-0.178535529473491,-0.178535529473491,-0.167890140375624,-0.167890140375624,1,1,300,20,0.6
24,3,nonlinear,300,1000,3,20,0.4,0.1,0.6,0.35,20260707,500,500,0.171269953256627,0.171269953256627,0.0039673263059541,0.0039673263059541,0.16347523065968,0.16347523065968,0.179064675853573,0.179064675853573,0.988,0.988,-0.13256536898617,-0.13256536898617,0.00270775558818833,0.00270775558818833,-0.137885375973895,-0.137885375973895,-0.127245361998446,-0.127245361998446,0.99,0.99,300,20,0.6
