condition_id,scenario,n_train,p_per_set,target_r2,n_test,n_sets,rho_within,rho_between,nonlinearity_strength,seed_base,n_rep_requested,n_rep_observed,n_final_converged,n_final_nonconverged,n_final_interpolating,n_final_stable,n_operational_failures,selected_eligibility_rate,selected_cv_full_convergence_rate,unrestricted_minimum_exclusion_rate,final_convergence_rate,final_nonconvergence_rate,final_interpolation_rate,final_stable_rate,final_operational_failure_rate,lambda_lower_boundary_rate,lambda_upper_boundary_rate,sigma_lower_boundary_rate,sigma_upper_boundary_rate,any_boundary_rate,median_lambda,median_sigma,median_cv_mse,mean_elapsed_seconds,report_nonconvergence,report_interpolation,report_boundary_concentration,n_rep_all,n_rep_stable,mean_delta_r2_all,mean_delta_r2_stable,sd_delta_r2_all,sd_delta_r2_stable,mcse_delta_r2_all,mcse_delta_r2_stable,delta_r2_ci_lower_all,delta_r2_ci_lower_stable,delta_r2_ci_upper_all,delta_r2_ci_upper_stable,mean_delta_mse_all,mean_delta_mse_stable,mcse_delta_mse_all,mcse_delta_mse_stable,delta_mse_ci_lower_all,delta_mse_ci_lower_stable,delta_mse_ci_upper_all,delta_mse_ci_upper_stable,mean_delta_prediction_correlation_all,mean_delta_prediction_correlation_stable,mcse_delta_prediction_correlation_all,mcse_delta_prediction_correlation_stable,kernel_r2_win_rate_all,kernel_r2_win_rate_stable,kernel_mse_win_rate_all,kernel_mse_win_rate_stable,mean_mse_reduction_all,mean_mse_reduction_stable,mean_kernel_train_test_gap_all,mean_kernel_train_test_gap_stable,mean_linear_train_test_gap_all,mean_linear_train_test_gap_stable,n_train_factor,p_per_set_factor,target_r2_factor
1,linear,150,5,0.3,1000,3,0.4,0.1,0.35,20260707,500,500,500,0,0,500,0,1,1,0.026,1,0,0,1,0,0.48,0.064,0,0.586,0.672,0.001,96,3.75608782424804,28.03156,FALSE,FALSE,TRUE,500,500,-0.0147940229638511,-0.0147940229638511,0.0306477628707353,0.0306477628707353,0.00137060962274516,0.00137060962274516,-0.0174868999732291,-0.0174868999732291,-0.0121011459544732,-0.0121011459544732,0.0707604058277596,0.0707604058277596,0.00655674478210925,0.00655674478210925,0.0578781766451444,0.0578781766451444,0.0836426350103748,0.0836426350103748,-0.0132186875639107,-0.0132186875639107,0.00127990502436044,0.00127990502436044,0.344,0.344,0.344,0.344,-0.0192766612150109,-0.0192766612150109,0.152190327327246,0.152190327327246,0.139706541134031,0.139706541134031,150,5,0.3
2,mixed,150,5,0.3,1000,3,0.4,0.1,0.35,20260707,500,500,500,0,0,500,0,1,1,0.042,1,0,0,1,0,0.138,0.234,0,0.198,0.47,0.1,6,4.05153576920804,27.12886,FALSE,FALSE,TRUE,500,500,0.00835483633242439,0.00835483633242439,0.0424885296476097,0.0424885296476097,0.00190014481112141,0.00190014481112141,0.0046215659748814,0.0046215659748814,0.0120881066899674,0.0120881066899674,-0.0395103888439544,-0.0395103888439544,0.00888278156001789,0.00888278156001789,-0.056962650848645,-0.056962650848645,-0.0220581268392638,-0.0220581268392638,0.0279982715947399,0.0279982715947399,0.00213644438975652,0.00213644438975652,0.666,0.666,0.666,0.666,0.00857395020258066,0.00857395020258066,0.235106096216218,0.235106096216218,0.175226600505867,0.175226600505867,150,5,0.3
3,nonlinear,150,5,0.3,1000,3,0.4,0.1,0.35,20260707,500,500,499,1,0,499,1,1,1,0.164,0.998,0.002,0,0.998,0.002,0.056,0.554,0,0.104,0.626,1000,3,4.14568113550116,27.14592,TRUE,FALSE,TRUE,500,499,0.0636203767657527,0.0636655235766298,0.0520648767356677,0.0521073267563824,0.00232841207242201,0.00233264430685809,0.0590456771327346,0.059082486373549,0.0681950763987708,0.0682485607797106,-0.294306665133206,-0.294541942103037,0.0108833378096421,0.0109026214850944,-0.315689478799857,-0.315962747551339,-0.272923851466554,-0.273121136654735,0.108213066062288,0.108334885785901,0.00283514108360878,0.00283820481027805,0.922,0.92184368737475,0.922,0.92184368737475,0.0628650504432219,0.0629054835965524,0.250194885255769,0.250544142326119,0.199631532213312,0.199744877976938,150,5,0.3
4,linear,300,5,0.3,1000,3,0.4,0.1,0.35,20260707,500,500,500,0,0,500,0,1,1,0,1,0,0,1,0,0.594,0,0,0.598,0.706,1e-4,96,3.53709727810335,58.93418,FALSE,FALSE,TRUE,500,500,-0.00425923131642488,-0.00425923131642488,0.0115341934154615,0.0115341934154615,5.1582481085204e-4,5.1582481085204e-4,-0.00527268748290656,-0.00527268748290656,-0.0032457751499432,-0.0032457751499432,0.0202758683644768,0.0202758683644768,0.00242198280407783,0.00242198280407783,0.0155173275648383,0.0155173275648383,0.0250344091641152,0.0250344091641152,-0.00263751560120113,-0.00263751560120113,3.1132096852727e-4,3.1132096852727e-4,0.378,0.378,0.378,0.378,-0.00568848015917213,-0.00568848015917213,0.0817348918571993,0.0817348918571993,0.0706530520048193,0.0706530520048193,300,5,0.3
5,mixed,300,5,0.3,1000,3,0.4,0.1,0.35,20260707,500,500,500,0,0,500,0,1,1,0.002,1,0,0,1,0,0.258,0.018,0,0.038,0.304,0.1,6,3.70774246561498,59.8646799999999,FALSE,FALSE,TRUE,500,500,0.0509388076009947,0.0509388076009947,0.0330780133249844,0.0330780133249844,0.00147929372710618,0.00147929372710618,0.0480323957374455,0.0480323957374455,0.0538452194645439,0.0538452194645439,-0.236888873809122,-0.236888873809122,0.00700836134014618,0.00700836134014618,-0.250658407316769,-0.250658407316769,-0.223119340301475,-0.223119340301475,0.0713566259032088,0.0713566259032088,0.00159539269548428,0.00159539269548428,0.952,0.952,0.952,0.952,0.0592118019059072,0.0592118019059072,0.157092142209466,0.157092142209466,0.0825141264004118,0.0825141264004118,300,5,0.3
6,nonlinear,300,5,0.3,1000,3,0.4,0.1,0.35,20260707,500,500,500,0,0,500,0,1,1,0.014,1,0,0,1,0,0.152,0.142,0,0,0.294,1,3,3.89284768340393,61.3812800000001,FALSE,FALSE,FALSE,500,500,0.0906477522931949,0.0906477522931949,0.0384081918544488,0.0384081918544488,0.00171766655758803,0.00171766655758803,0.087273002323585,0.087273002323585,0.0940225022628047,0.0940225022628047,-0.416786213455445,-0.416786213455445,0.00820087348708622,0.00820087348708622,-0.432898710627295,-0.432898710627295,-0.400673716283595,-0.400673716283595,0.151753944045376,0.151753944045376,0.00192266709318067,0.00192266709318067,0.99,0.99,0.99,0.99,0.095133187631317,0.095133187631317,0.185896395213291,0.185896395213291,0.0986313904924288,0.0986313904924288,300,5,0.3
7,linear,150,20,0.3,1000,3,0.4,0.1,0.35,20260707,500,500,491,9,0,491,9,1,1,0.534,0.982,0.018,0,0.982,0.018,0.004,0.554,0.002,0.562,0.72,1000,192,4.48535798169363,39.5626799999999,TRUE,FALSE,TRUE,500,491,0.207569793564205,0.207139146857776,0.125893094306413,0.126395891993464,0.00563011033533864,0.00570416675387878,0.196508150313862,0.195931502297895,0.218631436814549,0.218346791417657,-0.996114656619362,-0.9941360105654,0.0270701080226738,0.0274362932505282,-1.04930009346872,-1.04804330957336,-0.942929219770003,-0.940228711557445,-0.0374371264421788,-0.0379385978976884,0.00299551513010473,0.00302645891149636,0.974,0.973523421588595,0.974,0.973523421588595,0.171318997256925,0.170938124248542,0.234195503825114,0.234327772536327,0.743802456958657,0.743929241413449,150,20,0.3
8,mixed,150,20,0.3,1000,3,0.4,0.1,0.35,20260707,500,500,496,4,0,496,4,1,1,0.622,0.992,0.008,0,0.992,0.008,0,0.718,0.01,0.368,0.77,1000,24,4.59041717304188,38.1664800000001,TRUE,FALSE,TRUE,500,496,0.367456725956137,0.367768273985072,0.143404549898594,0.143478155300362,0.00641324643712034,0.00644235935424149,0.35485643218948,0.355110532532908,0.380057019722794,0.380426015437236,-1.72185122276522,-1.72425866601508,0.0304532393051998,0.0306022627199115,-1.78168359707893,-1.78438501228988,-1.66201884845152,-1.66413231974027,0.0263096726618888,0.0267498772040917,0.00289174857054741,0.00289475714167648,1,1,1,1,0.261242478760454,0.26147485032869,0.248798770664404,0.248770822309211,0.884745458087476,0.884765388058235,150,20,0.3
9,nonlinear,150,20,0.3,1000,3,0.4,0.1,0.35,20260707,500,500,499,1,0,499,1,1,1,0.674,0.998,0.002,0,0.998,0.002,0,0.88,0.028,0.35,0.89,1000,12,4.64699997941566,40.5318999999996,TRUE,FALSE,TRUE,500,499,0.496260711618686,0.496513237023435,0.172894690872494,0.17297586772713,0.00773208563479419,0.00774346331301873,0.481069255718372,0.48129935278917,0.511452167518999,0.5117271212577,-2.30032811715093,-2.30118717820627,0.0364038140702396,0.0364666829974859,-2.37185176059878,-2.37283469187094,-2.22880447370308,-2.2295396645416,0.10018659534278,0.100060755502785,0.00272870067424939,0.00273126544812319,1,1,1,1,0.320287526602308,0.320364508752773,0.254103584202151,0.253944819654488,0.977612481528563,0.978238371149041,150,20,0.3
10,linear,300,20,0.3,1000,3,0.4,0.1,0.35,20260707,500,500,499,1,0,499,1,1,1,0.16,0.998,0.002,0,0.998,0.002,0.024,0.1,0,0.36,0.404,0.01,96,4.11702883939031,84.7548799999999,TRUE,FALSE,TRUE,500,499,0.00551660027800109,0.00553147318865456,0.0421704795972617,0.0422114855017567,0.0018859211804649,0.00188964561164395,0.0018112755056555,0.00181881279146462,0.00922192505034668,0.0092441335858445,-0.0258368398681915,-0.0259059335105438,0.00894202518302311,0.00895969558760207,-0.0434054995602291,-0.0435093967070256,-0.00826818017615396,-0.00830247031406197,-0.0307639833317553,-0.0306188742074175,0.00213017113338641,0.00212948614565223,0.642,0.643286573146293,0.642,0.643286573146293,0.00472824545203556,0.00474191562910711,0.209128793023784,0.209560590914993,0.312026136580012,0.312141210558294,300,20,0.3
11,mixed,300,20,0.3,1000,3,0.4,0.1,0.35,20260707,500,500,499,1,0,499,1,1,1,0.38,0.998,0.002,0,0.998,0.002,0.002,0.39,0,0.196,0.5,10,12,4.28590361342301,83.7951600000001,TRUE,FALSE,TRUE,500,499,0.0844923429023677,0.0844978631050395,0.0520511175162586,0.0521032049594267,0.00232779674142368,0.00233245978988511,0.0799188522282472,0.0799151884296485,0.0890658335764881,0.0890805377804305,-0.391236284223902,-0.391260460981114,0.0108819118032789,0.0109037142256393,-0.41261629617394,-0.412683413379363,-0.369856272273864,-0.369837508582866,0.0113203517001941,0.0114210175664988,0.00228038567327924,0.00228273272131588,0.948,0.947895791583166,0.948,0.947895791583166,0.0808577206752862,0.0808701304722824,0.174479140235549,0.174483938994395,0.369833426827463,0.369703903226241,300,20,0.3
12,nonlinear,300,20,0.3,1000,3,0.4,0.1,0.35,20260707,500,500,500,0,0,500,0,1,1,0.548,1,0,0,1,0,0,0.746,0,0.138,0.756,1000,6,4.27359604477928,84.6285200000004,FALSE,FALSE,TRUE,500,500,0.173257361727411,0.173257361727411,0.0545856506100103,0.0545856506100103,0.00244114450720072,0.00244114450720072,0.168461173366466,0.168461173366466,0.178053550088357,0.178053550088357,-0.792394549633713,-0.792394549633713,0.0114717531289368,0.0114717531289368,-0.814933440172291,-0.814933440172291,-0.769855659095136,-0.769855659095136,0.0940083452017097,0.0940083452017097,0.00242354091926299,0.00242354091926299,1,1,1,1,0.152256378517459,0.152256378517459,0.138355080386649,0.138355080386649,0.407189459397574,0.407189459397574,300,20,0.3
13,linear,150,5,0.6,1000,3,0.4,0.1,0.35,20260707,500,500,500,0,0,500,0,1,1,0,1,0,0,1,0,0.662,0,0,0.524,0.668,1e-4,96,1.07560032321704,24.6103600000001,FALSE,FALSE,TRUE,500,500,-0.00485723529234217,-0.00485723529234217,0.0152325738584812,0.0152325738584812,6.81221412397e-4,6.81221412397e-4,-0.00619565102304871,-0.00619565102304871,-0.0035188195616356298,-0.0035188195616356298,0.0117686316718827,0.0117686316718827,0.00166225542603842,0.00166225542603842,0.0085027495810163,0.0085027495810163,0.0150345137627492,0.0150345137627492,-0.00241841888946341,-0.00241841888946341,3.5054635767924e-4,3.5054635767924e-4,0.37,0.37,0.37,0.37,-0.0112973224849609,-0.0112973224849609,0.0969105680440702,0.0969105680440702,0.0825845545094081,0.0825845545094081,150,5,0.6
14,mixed,150,5,0.6,1000,3,0.4,0.1,0.35,20260707,500,500,500,0,0,500,0,1,1,0,1,0,0,1,0,0.316,0.002,0,0.002,0.32,0.001,12,1.32188778416927,27.0794200000001,FALSE,FALSE,TRUE,500,500,0.15829060524113,0.15829060524113,0.0644065156940842,0.0644065156940842,0.00288034694571759,0.00288034694571759,0.152631502940637,0.152631502940637,0.163949707541623,0.163949707541623,-0.383491857578233,-0.383491857578233,0.00789384063739804,0.00789384063739804,-0.399001118286302,-0.399001118286302,-0.367982596870164,-0.367982596870164,0.134277902003475,0.134277902003475,0.00211476709918787,0.00211476709918787,0.99,0.99,0.99,0.99,0.220197786051124,0.220197786051124,0.230891307811181,0.230891307811181,0.146394510117136,0.146394510117136,150,5,0.6
15,nonlinear,150,5,0.6,1000,3,0.4,0.1,0.35,20260707,500,500,500,0,0,500,0,1,1,0.036,1,0,0,1,0,0.082,0.05,0,0,0.132,1,3,1.53580501639073,24.3887599999998,FALSE,FALSE,FALSE,500,500,0.228379058239721,0.228379058239721,0.0662586158455755,0.0662586158455755,0.00296317538251503,0.00296317538251503,0.222557220475043,0.222557220475043,0.2342008960044,0.2342008960044,-0.538307202476829,-0.538307202476829,0.0081075065771121,0.0081075065771121,-0.554236258936507,-0.554236258936507,-0.522378146017151,-0.522378146017151,0.245338265214028,0.245338265214028,0.00234259794134695,0.00234259794134695,0.996,0.996,0.996,0.996,0.25262184477686,0.25262184477686,0.319841411954718,0.319841411954718,0.186555557157199,0.186555557157199,150,5,0.6
16,linear,300,5,0.6,1000,3,0.4,0.1,0.35,20260707,500,500,500,0,0,500,0,1,1,0,1,0,0,1,0,0.724,0,0,0.62,0.732,1e-4,96,1.00391710734659,52.5192199999996,FALSE,FALSE,TRUE,500,500,-0.00180664315865681,-0.00180664315865681,0.00445895896313406,0.00445895896313406,1.9941070700899e-4,1.9941070700899e-4,-0.00219843123559501,-0.00219843123559501,-0.0014148550817186,-0.0014148550817186,0.00432340678948215,0.00432340678948215,4.7775853262049e-4,4.7775853262049e-4,0.00338474055864752,0.00338474055864752,0.00526207302031678,0.00526207302031678,-9.7375316531978e-4,-9.7375316531978e-4,1.1135760430708e-4,1.1135760430708e-4,0.378,0.378,0.378,0.378,-0.00433942672449969,-0.00433942672449969,0.046158300776789,0.046158300776789,0.0385183817443242,0.0385183817443242,300,5,0.6
17,mixed,300,5,0.6,1000,3,0.4,0.1,0.35,20260707,500,500,500,0,0,500,0,1,1,0,1,0,0,1,0,0.574,0,0,0,0.574,1e-4,24,1.13405074340411,52.0377599999999,FALSE,FALSE,TRUE,500,500,0.191283205915394,0.191283205915394,0.0467186890260583,0.0467186890260583,0.0020893232896388,0.0020893232896388,0.187178251040966,0.187178251040966,0.195388160789822,0.195388160789822,-0.4517964650093,-0.4517964650093,0.00593033772420415,0.00593033772420415,-0.463447973834527,-0.463447973834527,-0.440144956184073,-0.440144956184073,0.149502855644081,0.149502855644081,0.00150931413874653,0.00150931413874653,1,1,1,1,0.284420380304445,0.284420380304445,0.128077406310325,0.128077406310325,0.0688815167846088,0.0688815167846088,300,5,0.6
18,nonlinear,300,5,0.6,1000,3,0.4,0.1,0.35,20260707,500,500,500,0,0,500,0,1,1,0,1,0,0,1,0,0.09,0,0,0,0.09,0.1,3,1.28837616620897,51.6806799999998,FALSE,FALSE,FALSE,500,500,0.286021850805468,0.286021850805468,0.0477943887887387,0.0477943887887387,0.00213743004549347,0.00213743004549347,0.281822379173907,0.281822379173907,0.290221322437029,0.290221322437029,-0.660355928841685,-0.660355928841685,0.00609879979380312,0.00609879979380312,-0.672338420046319,-0.672338420046319,-0.64837343763705,-0.64837343763705,0.274866411350699,0.274866411350699,0.00178341484272789,0.00178341484272789,1,1,1,1,0.336448057057578,0.336448057057578,0.215694842128772,0.215694842128772,0.0861471192101106,0.0861471192101106,300,5,0.6
19,linear,150,20,0.6,1000,3,0.4,0.1,0.35,20260707,500,500,500,0,0,500,0,1,1,0.24,1,0,0,1,0,0.106,0.014,0,0.194,0.212,0.001,96,1.58408787813989,34.0405000000005,FALSE,FALSE,FALSE,500,500,0.027237347662375,0.027237347662375,0.0706287498384272,0.0706287498384272,0.00315861371609101,0.00315861371609101,0.0210315264595942,0.0210315264595942,0.0334431688651559,0.0334431688651559,-0.0642338257840542,-0.0642338257840542,0.00757798848397361,0.00757798848397361,-0.0791225224830834,-0.0791225224830834,-0.049345129085025,-0.049345129085025,-0.0118505657511869,-0.0118505657511869,0.00220967486779743,0.00220967486779743,0.738,0.738,0.738,0.738,0.0340395587698764,0.0340395587698764,0.339072845876517,0.339072845876517,0.433469788834058,0.433469788834058,150,20,0.6
20,mixed,150,20,0.6,1000,3,0.4,0.1,0.35,20260707,500,500,500,0,0,500,0,1,1,0.226,1,0,0,1,0,0,0.156,0.004,0.208,0.346,1,12,1.88795201223196,34.7374599999995,FALSE,FALSE,TRUE,500,500,0.221313658001722,0.221313658001722,0.11352808095428,0.11352808095428,0.0050771301273774,0.0050771301273774,0.211338471218595,0.211338471218595,0.23128884478485,0.23128884478485,-0.523957827285544,-0.523957827285544,0.0120063233114296,0.0120063233114296,-0.547547003573211,-0.547547003573211,-0.500368650997878,-0.500368650997878,0.057948946584761,0.057948946584761,0.00323019210625911,0.00323019210625911,0.98,0.98,0.98,0.98,0.204053735987482,0.204053735987482,0.337795388081878,0.337795388081878,0.674706120878793,0.674706120878793,150,20,0.6
21,nonlinear,150,20,0.6,1000,3,0.4,0.1,0.35,20260707,500,500,500,0,0,500,0,1,1,0.348,1,0,0,1,0,0,0.62,0.03,0.058,0.624,1000,6,2.01421958512821,35.7124800000003,FALSE,FALSE,TRUE,500,500,0.448667066685656,0.448667066685656,0.145848237208071,0.145848237208071,0.00652253145591523,0.00652253145591523,0.435852057430577,0.435852057430577,0.461482075940734,0.461482075940734,-1.044472455734,-1.044472455734,0.0155881017786626,0.0155881017786626,-1.07509885744825,-1.07509885744825,-1.01384605401976,-1.01384605401976,0.158352721155915,0.158352721155915,0.00339597824267149,0.00339597824267149,1,1,1,1,0.325677525355541,0.325677525355541,0.310081646941863,0.310081646941863,0.872102954283415,0.872102954283415,150,20,0.6
22,linear,300,20,0.6,1000,3,0.4,0.1,0.35,20260707,500,500,500,0,0,500,0,1,1,0.01,1,0,0,1,0,0.18,0,0,0.178,0.18,0.001,96,1.24092172840379,77.6146200000003,FALSE,FALSE,FALSE,500,500,0.0031851987980928,0.0031851987980928,0.0122301697755516,0.0122301697755516,5.4694981988993e-4,5.4694981988993e-4,0.00211059041155962,0.00211059041155962,0.00425980718462598,0.00425980718462598,-0.00750114889533791,-0.00750114889533791,0.00130885459665607,0.00130885459665607,-0.0100726939899174,-0.0100726939899174,-0.00492960380075839,-0.00492960380075839,3.76033667262e-4,3.76033667262e-4,3.181902300138e-4,3.181902300138e-4,0.68,0.68,0.68,0.68,0.00602517072259916,0.00602517072259916,0.174014745174931,0.174014745174931,0.179426263396659,0.179426263396659,300,20,0.6
23,mixed,300,20,0.6,1000,3,0.4,0.1,0.35,20260707,500,500,500,0,0,500,0,1,1,0.052,1,0,0,1,0,0,0,0,0.06,0.06,1,6,1.58727855374946,78.5409800000009,FALSE,FALSE,FALSE,500,500,0.121332486592144,0.121332486592144,0.0464183316952503,0.0464183316952503,0.00207589090145425,0.00207589090145425,0.117253922725573,0.117253922725573,0.125411050458715,0.125411050458715,-0.282417715388731,-0.282417715388731,0.00495809237131037,0.00495809237131037,-0.292159025193876,-0.292159025193876,-0.272676405583585,-0.272676405583585,0.0890872493057776,0.0890872493057776,0.00152536024379805,0.00152536024379805,0.996,0.996,0.996,0.996,0.151548666045342,0.151548666045342,0.258931851425545,0.258931851425545,0.291486319571289,0.291486319571289,300,20,0.6
24,nonlinear,300,20,0.6,1000,3,0.4,0.1,0.35,20260707,500,500,500,0,0,500,0,1,1,0.368,1,0,0,1,0,0,0.13,0,0,0.13,1,6,1.8313231033987,78.5278400000004,FALSE,FALSE,FALSE,500,500,0.213907877468417,0.213907877468417,0.0586366280671279,0.0586366280671279,0.0026223097265894,0.0026223097265894,0.208755748476314,0.208755748476314,0.21906000646052,0.21906000646052,-0.489605949729823,-0.489605949729823,0.00619718138941339,0.00619718138941339,-0.501781734146886,-0.501781734146886,-0.477430165312761,-0.477430165312761,0.178454758919987,0.178454758919987,0.00220674876806516,0.00220674876806516,1,1,1,1,0.210227990418399,0.210227990418399,0.241278237869656,0.241278237869656,0.364315945159729,0.364315945159729,300,20,0.6
